{
  "version": 1,
  "author": "Anonymous maker",
  "editor": "wokwi",
  "parts": [
    {
      "type": "wokwi-breadboard-mini",
      "id": "bb1",
      "top": -1.4,
      "left": 170.4,
      "attrs": { "color": "#eeefed" }
    },
    { "type": "wokwi-arduino-uno", "id": "uno", "top": -28.2, "left": -135, "attrs": {} },
    {
      "type": "wokwi-dht22",
      "id": "dht1",
      "top": -124.5,
      "left": 244.2,
      "attrs": { "temperature": "65.7" }
    },
    { "type": "wokwi-lcd1602", "id": "lcd1", "top": 3.43, "left": 592, "attrs": {} },
    {
      "type": "wokwi-lcd1602",
      "id": "lcd2",
      "top": 179.2,
      "left": 111.2,
      "attrs": { "pins": "i2c" }
    },
    {
      "type": "wokwi-resistor",
      "id": "r1",
      "top": 23.15,
      "left": 211.2,
      "attrs": { "value": "10000" }
    }
  ],
  "connections": [
    [ "bb1:1b.j", "lcd2:VCC", "red", [ "v48", "h-96", "v57.6" ] ],
    [ "bb1:2b.j", "lcd2:GND", "black", [ "v57.6", "h-96", "v38.4" ] ],
    [ "lcd2:SDA", "uno:A4", "magenta", [ "h-38.4", "v-76.6", "h9.6" ] ],
    [ "lcd2:SCL", "uno:A5", "purple", [ "h0" ] ],
    [ "dht1:VCC", "bb1:1b.h", "red", [ "v0", "h-76.8" ] ],
    [ "uno:5V", "bb1:1b.i", "red", [ "v0" ] ],
    [ "uno:GND.2", "bb1:2b.j", "black", [ "v0" ] ],
    [ "dht1:SDA", "bb1:10t.b", "blue", [ "v0" ] ],
    [ "dht1:GND", "bb1:2b.i", "black", [ "v0" ] ],
    [ "bb1:4t.d", "bb1:1b.f", "red", [ "v0" ] ],
    [ "bb1:10t.d", "uno:2", "blue", [ "v19.2", "h-163.2" ] ],
    [ "r1:1", "bb1:4t.c", "", [ "$bb" ] ],
    [ "r1:2", "bb1:10t.c", "", [ "$bb" ] ]
  ],
  "dependencies": {}
}